symbol,price
ETHBTC,0.06711300
LTCBTC,0.00465300
BNBBTC,0.00967400
NEOBTC,0.00136700
QTUMETH,0.00386100
EOSETH,0.00204000
SNTETH,0.00003319
BNTETH,0.00161700
BCCBTC,0.07908100
GASBTC,0.00022070
BNBETH,0.14416000
BTCUSDT,36812.30000000
ETHUSDT,2470.76000000
HSRBTC,0.00041400
OAXETH,0.00017780
DNTETH,0.00002801
MCOETH,0.00577200
ICNETH,0.00166300
MCOBTC,0.00021140
WTCBTC,0.00002100
WTCETH,0.00023700
LRCBTC,0.00000850
LRCETH,0.00012642
QTUMBTC,0.00025910
YOYOBTC,0.00000048
OMGBTC,0.00013730
OMGETH,0.00204500
ZRXBTC,0.00002503
ZRXETH,0.00037208
STRATBTC,0.00003085
STRATETH,0.00105300
SNGLSBTC,0.00000027
SNGLSETH,0.00005306
BQXBTC,0.00006462
BQXETH,0.00096430
KNCBTC,0.00005006
KNCETH,0.00074710
FUNBTC,0.00000062
FUNETH,0.00000917
SNMBTC,0.00000576
SNMETH,0.00004986
NEOETH,0.02037600
IOTABTC,0.00003141
IOTAETH,0.00046875
LINKBTC,0.00062688
LINKETH,0.00934000
XVGBTC,0.00000079
XVGETH,0.00001185
SALTBTC,0.00004250
SALTETH,0.00113800
MDABTC,0.00002188
MDAETH,0.00181150
MTLBTC,0.00006860
MTLETH,0.00102700
SUBBTC,0.00000457
SUBETH,0.00012334
EOSBTC,0.00013690
SNTBTC,0.00000221
ETCETH,0.02354300
ETCBTC,0.00158190
MTHBTC,0.00000074
MTHETH,0.00004135
ENGBTC,0.00006200
ENGETH,0.00186480
DNTBTC,0.00000414
ZECBTC,0.00365700
ZECETH,0.05460000
BNTBTC,0.00010832
ASTBTC,0.00000440
ASTETH,0.00006960
DASHBTC,0.00463300
DASHETH,0.06895000
OAXBTC,0.00000459
ICNBTC,0.00005742
BTGBTC,0.00182900
BTGETH,0.05274500
EVXBTC,0.00001395
EVXETH,0.00062490
REQBTC,0.00000215
REQETH,0.00004995
VIBBTC,0.00000133
VIBETH,0.00002009
HSRETH,0.01247400
TRXBTC,0.00000198
TRXETH,0.00002950
POWRBTC,0.00000645
POWRETH,0.00009574
ARKBTC,0.00003176
ARKETH,0.00104600
YOYOETH,0.00005828
XRPBTC,0.00002362
XRPETH,0.00035168
MODBTC,0.00004280
MODETH,0.00116700
ENJBTC,0.00003486
ENJETH,0.00052057
STORJBTC,0.00002663
STORJETH,0.00029910
BNBUSDT,356.07000000
VENBNB,0.14920000
YOYOBNB,0.00059800
POWRBNB,0.00385000
VENBTC,0.00013928
VENETH,0.00325194
KMDBTC,0.00003899
KMDETH,0.00057800
NULSBNB,0.01257000
RCNBTC,0.00000177
RCNETH,0.00037604
RCNBNB,0.00347300
NULSBTC,0.00001405
NULSETH,0.00051926
RDNBTC,0.00001160
RDNETH,0.00071530
RDNBNB,0.00623000
XMRBTC,0.00699400
XMRETH,0.10423000
DLTBNB,0.00240000
WTCBNB,0.00217100
DLTBTC,0.00000235
DLTETH,0.00016807
AMBBTC,0.00000096
AMBETH,0.00004100
AMBBNB,0.00068500
BCCETH,2.47246000
BCCUSDT,448.70000000
BCCBNB,54.29000000
BATBTC,0.00001791
BATETH,0.00026697
BATBNB,0.00185200
BCPTBTC,0.00000048
BCPTETH,0.00008181
BCPTBNB,0.00116200
ARNBTC,0.00000761
ARNETH,0.00029362
GVTBTC,0.00010260
GVTETH,0.00384600
CDTBTC,0.00000054
CDTETH,0.00000800
GXSBTC,0.00001969
GXSETH,0.00029500
NEOUSDT,50.32800000
NEOBNB,0.14130000
POEBTC,0.00000005
POEETH,0.00000664
QSPBTC,0.00000107
QSPETH,0.00001592
QSPBNB,0.00052350
BTSBTC,0.00000141
BTSETH,0.00009498
BTSBNB,0.00144800
XZCBTC,0.00013550
XZCETH,0.00310000
XZCBNB,0.26750000
LSKBTC,0.00008390
LSKETH,0.00126000
LSKBNB,0.06494000
TNTBTC,0.00000261
TNTETH,0.00000920
FUELBTC,0.00000026
FUELETH,0.00002221
MANABTC,0.00001882
MANAETH,0.00027932
BCDBTC,0.00008027
BCDETH,0.00251000
DGDBTC,0.00393100
DGDETH,0.19260000
IOTABNB,0.00325100
ADXBTC,0.00002415
ADXETH,0.00036010
ADXBNB,0.00492900
ADABTC,0.00004174
ADAETH,0.00062171
PPTBTC,0.00004932
PPTETH,0.00141000
CMTBTC,0.00000028
CMTETH,0.00000625
CMTBNB,0.00057700
XLMBTC,0.00000912
XLMETH,0.00013588
XLMBNB,0.00094000
CNDBTC,0.00000047
CNDETH,0.00002599
CNDBNB,0.00033990
LENDBTC,0.00004512
LENDETH,0.00137174
WABIBTC,0.00000615
WABIETH,0.00040308
WABIBNB,0.00064100
LTCETH,0.06933000
LTCUSDT,171.29000000
LTCBNB,0.48100000
TNBBTC,0.00000007
TNBETH,0.00000752
WAVESBTC,0.00038250
WAVESETH,0.00570800
WAVESBNB,0.03943000
GTOBTC,0.00000219
GTOETH,0.00003197
GTOBNB,0.00035200
ICXBTC,0.00002677
ICXETH,0.00040100
ICXBNB,0.00277700
OSTBTC,0.00000050
OSTETH,0.00000739
OSTBNB,0.00052500
ELFBTC,0.00000649
ELFETH,0.00009654
AIONBTC,0.00000507
AIONETH,0.00007500
AIONBNB,0.00261300
NEBLBTC,0.00004999
NEBLETH,0.00074000
NEBLBNB,0.01356000
BRDBTC,0.00000437
BRDETH,0.00006540
BRDBNB,0.00247000
MCOBNB,0.26837000
EDOBTC,0.00005609
EDOETH,0.00226600
WINGSBTC,0.00001193
WINGSETH,0.00033460
NAVBTC,0.00001086
NAVETH,0.00016170
NAVBNB,0.00423700
LUNBTC,0.00008510
LUNETH,0.00489100
TRIGBTC,0.00001980
TRIGETH,0.00059400
TRIGBNB,0.01218000
APPCBTC,0.00000222
APPCETH,0.00014600
APPCBNB,0.00189100
VIBEBTC,0.00000042
VIBEETH,0.00005720
RLCBTC,0.00010332
RLCETH,0.00153900
RLCBNB,0.03344000
INSBTC,0.00000618
INSETH,0.00050100
PIVXBTC,0.00002004
PIVXETH,0.00029950
PIVXBNB,0.01660000
IOSTBTC,0.00000079
IOSTETH,0.00001181
CHATBTC,0.00000195
CHATETH,0.00006585
STEEMBTC,0.00001351
STEEMETH,0.00020220
STEEMBNB,0.00448000
NANOBTC,0.00017960
NANOETH,0.00267000
NANOBNB,0.05589000
VIABTC,0.00001905
VIAETH,0.00085600
VIABNB,0.00958000
BLZBTC,0.00000521
BLZETH,0.00007793
BLZBNB,0.00054300
AEBTC,0.00000292
AEETH,0.00021900
AEBNB,0.00777000
RPXBTC,0.00000224
RPXETH,0.00005449
RPXBNB,0.00145700
NCASHBTC,0.00000005
NCASHETH,0.00000169
NCASHBNB,0.00006790
POABTC,0.00000096
POAETH,0.00004891
POABNB,0.00092100
ZILBTC,0.00000295
ZILETH,0.00004413
ZILBNB,0.00030500
ONTBTC,0.00002645
ONTETH,0.00039300
ONTBNB,0.00272800
STORMBTC,0.00000035
STORMETH,0.00001398
STORMBNB,0.00006550
QTUMBNB,0.09597000
QTUMUSDT,9.53200000
XEMBTC,0.00000459
XEMETH,0.00006835
XEMBNB,0.00244100
WANBTC,0.00002083
WANETH,0.00031040
WANBNB,0.00215600
WPRBTC,0.00000052
WPRETH,0.00004020
QLCBTC,0.00000115
QLCETH,0.00001711
SYSBTC,0.00000477
SYSETH,0.00011047
SYSBNB,0.00163500
QLCBNB,0.00092200
GRSBTC,0.00002344
GRSETH,0.00076455
ADAUSDT,1.53660000
ADABNB,0.00431500
CLOAKBTC,0.00015550
CLOAKETH,0.00414200
GNTBTC,0.00000678
GNTETH,0.00022071
GNTBNB,0.00243900
LOOMBTC,0.00000197
LOOMETH,0.00002940
LOOMBNB,0.00088500
XRPUSDT,0.86900000
BCNBTC,0.00000022
BCNETH,0.00000707
BCNBNB,0.00002000
REPBTC,0.00059980
REPETH,0.00890000
REPBNB,0.44670000
BTCTUSD,36801.06000000
TUSDBTC,0.00025971
ETHTUSD,2469.43000000
TUSDETH,0.00762097
TUSDBNB,0.06777000
ZENBTC,0.00232950
ZENETH,0.03466000
ZENBNB,0.24060000
SKYBTC,0.00003882
SKYETH,0.00222000
SKYBNB,0.03022000
EOSUSDT,5.04220000
EOSBNB,0.01415000
CVCBTC,0.00000779
CVCETH,0.00011644
CVCBNB,0.00211200
THETABTC,0.00023057
THETAETH,0.00344610
THETABNB,0.02387100
XRPBNB,0.00244200
TUSDUSDT,0.99980000
IOTAUSDT,1.15850000
XLMUSDT,0.33534000
IOTXBTC,0.00000069
IOTXETH,0.00001027
QKCBTC,0.00000053
QKCETH,0.00000798
AGIBTC,0.00000668
AGIETH,0.00007363
AGIBNB,0.00077200
NXSBTC,0.00001769
NXSETH,0.00077300
NXSBNB,0.01087000
ENJBNB,0.00359600
DATABTC,0.00000540
DATAETH,0.00008040
ONTUSDT,0.97430000
TRXBNB,0.00020470
TRXUSDT,0.07287000
ETCUSDT,58.22300000
ETCBNB,0.16335000
ICXUSDT,0.98550000
SCBTC,0.00000045
SCETH,0.00000669
SCBNB,0.00004660
NPXSBTC,0.00000003
NPXSETH,0.00000345
VENUSDT,0.00010000
KEYBTC,0.00000013
KEYETH,0.00000413
NASBTC,0.00001220
NASETH,0.00018010
NASBNB,0.02337000
MFTBTC,0.00000008
MFTETH,0.00000418
MFTBNB,0.00002923
DENTBTC,0.00000004
DENTETH,0.00000138
ARDRBTC,0.00000566
ARDRETH,0.00018870
ARDRBNB,0.00316800
NULSUSDT,0.51770000
HOTBTC,0.00000002
HOTETH,0.00000325
VETBTC,0.00000306
VETETH,0.00004571
VETUSDT,0.11282000
VETBNB,0.00031700
DOCKBTC,0.00000263
DOCKETH,0.00003283
POLYBTC,0.00000636
POLYBNB,0.00145900
PHXBTC,0.00000180
PHXETH,0.00005617
PHXBNB,0.00045600
HCBTC,0.00002000
HCETH,0.00513400
GOBTC,0.00000086
GOBNB,0.00069230
PAXBTC,0.00025175
PAXBNB,0.20121000
PAXUSDT,0.99960000
PAXETH,0.00888047
RVNBTC,0.00000196
RVNBNB,0.00020270
DCRBTC,0.00380500
DCRBNB,0.78100000
USDCBNB,0.21755000
MITHBTC,0.00000170
MITHBNB,0.00017600
BCHABCBTC,0.02933000
BCHSVBTC,0.01117900
BCHABCUSDT,220.08000000
BCHSVUSDT,58.90000000
BNBPAX,356.04000000
BTCPAX,36802.86000000
ETHPAX,2472.20000000
XRPPAX,0.88960000
EOSPAX,2.58450000
XLMPAX,0.04221000
RENBTC,0.00001256
RENBNB,0.00458500
BNBTUSD,355.38000000
XRPTUSD,0.86800000
EOSTUSD,5.02780000
XLMTUSD,0.06833000
BNBUSDC,356.06000000
BTCUSDC,36811.13000000
ETHUSDC,2471.51000000
XRPUSDC,0.86950000
EOSUSDC,5.03420000
XLMUSDC,0.04970000
USDCUSDT,0.99970000
ADATUSD,1.53620000
TRXTUSD,0.07269000
NEOTUSD,11.81800000
TRXXRP,0.08368000
XZCXRP,20.79200000
PAXTUSD,0.99950000
USDCTUSD,1.00000000
USDCPAX,1.00020000
LINKUSDT,23.07400000
LINKTUSD,23.04900000
LINKPAX,3.98340000
LINKUSDC,23.12300000
WAVESUSDT,14.06600000
WAVESTUSD,1.07200000
WAVESPAX,0.80290000
WAVESUSDC,1.20360000
BCHABCTUSD,220.20000000
BCHABCPAX,221.20000000
BCHABCUSDC,220.30000000
BCHSVTUSD,59.17000000
BCHSVPAX,58.18000000
BCHSVUSDC,57.50000000
LTCTUSD,171.78000000
LTCPAX,171.13000000
LTCUSDC,171.21000000
TRXPAX,0.07661000
TRXUSDC,0.07282000
BTTBTC,0.00000005
BTTBNB,0.00001019
BTTUSDT,0.00362810
BNBUSDS,22.27880000
BTCUSDS,9604.59000000
USDSUSDT,0.99680000
USDSPAX,1.00020000
USDSTUSD,1.00000000
USDSUSDC,1.00000000
BTTPAX,0.00038660
BTTTUSD,0.00362250
BTTUSDC,0.00362150
ONGBNB,0.00545000
ONGBTC,0.00002504
ONGUSDT,0.92350000
HOTBNB,0.00002262
HOTUSDT,0.00801300
ZILUSDT,0.10891000
ZRXBNB,0.01045000
ZRXUSDT,0.92050000
FETBNB,0.00081500
FETBTC,0.00000790
FETUSDT,0.29029000
BATUSDT,0.65920000
XMRBNB,0.72200000
XMRUSDT,257.11000000
ZECBNB,0.37710000
ZECUSDT,134.57000000
ZECPAX,42.10000000
ZECTUSD,51.48000000
ZECUSDC,135.02000000
IOSTBNB,0.00008170
IOSTUSDT,0.02914600
CELRBNB,0.00010000
CELRBTC,0.00000097
CELRUSDT,0.03561000
ADAPAX,0.03257000
ADAUSDC,1.53500000
NEOPAX,11.12200000
NEOUSDC,49.85100000
DASHBNB,0.47970000
DASHUSDT,170.42000000
NANOUSDT,6.61300000
OMGBNB,0.03938000
OMGUSDT,5.05510000
THETAUSDT,8.47900000
ENJUSDT,1.28290000
MITHUSDT,0.06264000
MATICBNB,0.00381090
MATICBTC,0.00003685
MATICUSDT,1.35745000
ATOMBNB,0.03572000
ATOMBTC,0.00034650
ATOMUSDT,12.77200000
ATOMUSDC,12.77200000
ATOMPAX,3.17800000
ATOMTUSD,2.59800000
ETCUSDC,4.71000000
ETCPAX,4.83800000
ETCTUSD,3.79500000
BATUSDC,0.65400000
BATPAX,0.25560000
BATTUSD,0.22220000
PHBBNB,0.00013700
PHBBTC,0.00000025
PHBUSDC,0.00587000
PHBTUSD,0.00960000
PHBPAX,0.00639000
TFUELBNB,0.00012590
TFUELBTC,0.00001417
TFUELUSDT,0.52030000
TFUELUSDC,0.00356500
TFUELTUSD,0.00307700
TFUELPAX,0.00348700
ONEBNB,0.00023210
ONEBTC,0.00000224
ONEUSDT,0.08264000
ONETUSD,0.00472000
ONEPAX,0.00496000
ONEUSDC,0.00520000
FTMBNB,0.00077900
FTMBTC,0.00000752
FTMUSDT,0.27697000
FTMTUSD,0.01095000
FTMPAX,0.01028000
FTMUSDC,0.01107000
BTCBBTC,1.00000000
BCPTTUSD,0.02606000
BCPTPAX,0.02761000
BCPTUSDC,0.02728000
ALGOBNB,0.00301600
ALGOBTC,0.00002905
ALGOUSDT,1.06940000
ALGOTUSD,1.01700000
ALGOPAX,0.20390000
ALGOUSDC,0.23800000
USDSBUSDT,0.99970000
USDSBUSDS,0.99990000
GTOUSDT,0.08071000
GTOPAX,0.01361000
GTOTUSD,0.01236000
GTOUSDC,0.01196000
ERDBNB,0.00083273
ERDBTC,0.00000168
ERDUSDT,0.01971000
ERDPAX,0.00125270
ERDUSDC,0.00135730
DOGEBNB,0.00015270
DOGEBTC,0.00000883
DOGEUSDT,0.32541000
DOGEPAX,0.00216820
DOGEUSDC,0.00212770
DUSKBNB,0.00118000
DUSKBTC,0.00000324
DUSKUSDT,0.11930000
DUSKUSDC,0.01790000
DUSKPAX,0.01890000
BGBPUSDC,1.39000000
ANKRBNB,0.00024920
ANKRBTC,0.00000242
ANKRUSDT,0.08883000
ANKRTUSD,0.00212800
ANKRPAX,0.00209300
ANKRUSDC,0.00209700
ONTPAX,0.84510000
ONTUSDC,0.57080000
WINBNB,0.00000128
WINBTC,0.00000001
WINUSDT,0.00045650
WINUSDC,0.00045600
COSBNB,0.00005055
COSBTC,0.00000049
COSUSDT,0.01801000
TUSDBTUSD,0.99750000
NPXSUSDT,0.00703010
NPXSUSDC,0.00017020
COCOSBNB,0.00170900
COCOSBTC,0.00000003
COCOSUSDT,0.60900000
MTLUSDT,2.52740000
TOMOBNB,0.03255000
TOMOBTC,0.00003974
TOMOUSDT,1.46450000
TOMOUSDC,0.36700000
PERLBNB,0.00017880
PERLBTC,0.00000173
PERLUSDC,0.02447000
PERLUSDT,0.06372000
DENTUSDT,0.00338270
MFTUSDT,0.01032600
KEYUSDT,0.01019000
STORMUSDT,0.00339700
DOCKUSDT,0.09672000
WANUSDT,0.76690000
FUNUSDT,0.02259700
CVCUSDT,0.28673000
BTTTRX,0.04974000
WINTRX,0.00627000
CHZBNB,0.00076670
CHZBTC,0.00000743
CHZUSDT,0.27332000
BANDBNB,0.01992000
BANDBTC,0.00019210
BANDUSDT,7.07200000
BNBBUSD,356.22000000
BTCBUSD,36824.60000000
BUSDUSDT,0.99960000
BEAMBNB,0.02177000
BEAMBTC,0.00001893
BEAMUSDT,0.69990000
XTZBNB,0.00925000
XTZBTC,0.00008940
XTZUSDT,3.29410000
RENUSDT,0.46315000
RVNUSDT,0.07199000
HCUSDT,0.84230000
HBARBNB,0.00058780
HBARBTC,0.00000568
HBARUSDT,0.20958000
NKNBNB,0.00074700
NKNBTC,0.00000796
NKNUSDT,0.29325000
XRPBUSD,0.86930000
ETHBUSD,2471.72000000
BCHABCBUSD,220.16000000
LTCBUSD,171.38000000
LINKBUSD,23.06600000
ETCBUSD,58.20200000
STXBNB,0.00256300
STXBTC,0.00002478
STXUSDT,0.91410000
KAVABNB,0.01075000
KAVABTC,0.00010365
KAVAUSDT,3.81860000
BUSDNGN,462.64000000
BNBNGN,43608.00000000
BTCNGN,33194500.00000000
ARPABNB,0.00013200
ARPABTC,0.00000127
ARPAUSDT,0.04698000
TRXBUSD,0.07286000
EOSBUSD,5.04780000
IOTXUSDT,0.02530400
RLCUSDT,3.80650000
MCOUSDT,2.74400000
XLMBUSD,0.33488000
ADABUSD,1.53700000
CTXCBNB,0.00412200
CTXCBTC,0.00000548
CTXCUSDT,0.20140000
BCHBNB,1.68500000
BCHBTC,0.01629700
BCHUSDT,600.06000000
BCHUSDC,599.67000000
BCHTUSD,597.04000000
BCHPAX,617.72000000
BCHBUSD,600.00000000
BTCRUB,2656491.00000000
ETHRUB,178507.50000000
XRPRUB,62.83100000
BNBRUB,25727.07000000
TROYBNB,0.00003359
TROYBTC,0.00000032
TROYUSDT,0.01190000
BUSDRUB,72.22500000
QTUMBUSD,9.53000000
VETBUSD,0.11279000
VITEBNB,0.00070700
VITEBTC,0.00000243
VITEUSDT,0.08987000
FTTBNB,0.09190000
FTTBTC,0.00088930
FTTUSDT,32.80000000
BTCTRY,311814.00000000
BNBTRY,3016.00000000
BUSDTRY,8.46000000
ETHTRY,20924.00000000
XRPTRY,7.34700000
USDTTRY,8.47100000
USDTRUB,72.26700000
BTCEUR,30230.21000000
ETHEUR,2029.09000000
BNBEUR,292.36000000
XRPEUR,0.71400000
EURBUSD,1.21810000
EURUSDT,1.21770000
OGNBNB,0.00216100
OGNBTC,0.00002092
OGNUSDT,0.76890000
DREPBNB,0.00009380
DREPBTC,0.00001616
DREPUSDT,0.59500000
BULLUSDT,1370.28000000
BULLBUSD,1368.56000000
BEARUSDT,11.16000000
BEARBUSD,11.14000000
ETHBULLUSDT,79.18000000
ETHBULLBUSD,78.46000000
ETHBEARUSDT,12.20000000
ETHBEARBUSD,12.24000000
TCTBNB,0.00041860
TCTBTC,0.00000095
TCTUSDT,0.03516800
WRXBNB,0.00512600
WRXBTC,0.00004968
WRXUSDT,1.82740000
ICXBUSD,0.98730000
BTSUSDT,0.05194000
BTSBUSD,0.01930000
LSKUSDT,3.10000000
BNTUSDT,3.98260000
BNTBUSD,3.99530000
LTOBNB,0.00248000
LTOBTC,0.00000696
LTOUSDT,0.25663000
ATOMBUSD,12.77700000
DASHBUSD,170.64000000
NEOBUSD,50.35100000
WAVESBUSD,14.06200000
XTZBUSD,3.29390000
EOSBULLUSDT,3.85000000
EOSBULLBUSD,3.90000000
EOSBEARUSDT,30.21000000
EOSBEARBUSD,29.81000000
XRPBULLUSDT,8.74000000
XRPBULLBUSD,8.78000000
XRPBEARUSDT,548.55000000
XRPBEARBUSD,547.33000000
BATBUSD,0.65980000
ENJBUSD,1.28480000
NANOBUSD,6.60140000
ONTBUSD,0.97520000
RVNBUSD,0.07197000
STRATBUSD,0.49150000
STRATBNB,0.01900000
STRATUSDT,0.49040000
AIONBUSD,0.07210000
AIONUSDT,0.18680000
MBLBNB,0.00002499
MBLBTC,0.00000005
MBLUSDT,0.00890800
COTIBNB,0.00058670
COTIBTC,0.00000568
COTIUSDT,0.20910000
ALGOBUSD,1.07010000
BTTBUSD,0.00363190
TOMOBUSD,1.46290000
XMRBUSD,256.94000000
ZECBUSD,134.69000000
BNBBULLUSDT,57.21000000
BNBBULLBUSD,58.37000000
BNBBEARUSDT,58.61000000
BNBBEARBUSD,57.21000000
STPTBNB,0.00067000
STPTBTC,0.00000182
STPTUSDT,0.06700000
BTCZAR,857014.00000000
ETHZAR,27850.40000000
BNBZAR,5000.00000000
USDTZAR,14.02300000
BUSDZAR,13.88800000
BTCBKRW,42029197.00000000
ETHBKRW,1277799.00000000
BNBBKRW,44687.00000000
WTCUSDT,0.77600000
DATABUSD,0.19873000
DATAUSDT,0.19891000
XZCUSDT,4.44600000
SOLBNB,0.11304000
SOLBTC,0.00109081
SOLUSDT,40.14500000
SOLBUSD,40.16700000
BTCIDRT,524894132.00
BNBIDRT,5109733.00
USDTIDRT,14320.00
BUSDIDRT,14389.00
CTSIBTC,0.00001766
CTSIUSDT,0.64959000
CTSIBNB,0.00182800
CTSIBUSD,0.65146000
HIVEBNB,0.00429000
HIVEBTC,0.00001061
HIVEUSDT,0.38910000
CHRBNB,0.00055080
CHRBTC,0.00000533
CHRUSDT,0.19602000
BTCUPUSDT,55.89800000
BTCDOWNUSDT,0.05726000
GXSUSDT,0.72810000
ARDRUSDT,0.20792000
ERDBUSD,0.01966100
LENDUSDT,0.51431000
HBARBUSD,0.20933000
MATICBUSD,1.35794000
WRXBUSD,1.82570000
ZILBUSD,0.10906000
MDTBNB,0.00073720
MDTBTC,0.00000103
MDTUSDT,0.03760000
STMXBNB,0.00007530
STMXBTC,0.00000073
STMXETH,0.00001080
STMXUSDT,0.02670900
KNCBUSD,1.84300000
KNCUSDT,1.84200000
REPBUSD,13.67300000
REPUSDT,22.01100000
LRCBUSD,0.31274000
LRCUSDT,0.31339000
IQBNB,0.00004137
IQBUSD,0.01474800
PNTBTC,0.00003216
PNTUSDT,1.18120000
BTCGBP,26000.59000000
ETHGBP,1744.59000000
XRPGBP,0.61339000
BNBGBP,251.49000000
GBPBUSD,1.41630000
DGBBNB,0.00017120
DGBBTC,0.00000166
DGBBUSD,0.06132000
BTCUAH,1010909.00000000
USDTUAH,27.41400000
COMPBTC,0.00887700
COMPBNB,5.71900000
COMPBUSD,326.84000000
COMPUSDT,326.83000000
BTCBIDR,527336362.00
ETHBIDR,35416790.00
BNBBIDR,5106816.00
BUSDBIDR,14335.00
USDTBIDR,14344.00
BKRWUSDT,0.00084530
BKRWBUSD,0.00084550
SCUSDT,0.01646400
ZENUSDT,85.86000000
SXPBTC,0.00005066
SXPBNB,0.00524000
SXPBUSD,1.86570000
SNXBTC,0.00024420
SNXBNB,0.02527000
SNXBUSD,8.99400000
SNXUSDT,8.98000000
ETHUPUSDT,51.16900000
ETHDOWNUSDT,0.00007300
ADAUPUSDT,97.03600000
ADADOWNUSDT,0.03890000
LINKUPUSDT,2.89300000
LINKDOWNUSDT,0.26250000
VTHOBNB,0.00002284
VTHOBUSD,0.00071800
VTHOUSDT,0.00815400
DCRBUSD,16.03500000
DGBUSDT,0.06131000
GBPUSDT,1.41570000
STORJBUSD,0.36200000
SXPUSDT,1.86600000
IRISBNB,0.00166200
IRISBTC,0.00000218
IRISBUSD,0.06080000
MKRBNB,8.62700000
MKRBTC,0.08372700
MKRUSDT,3079.22000000
MKRBUSD,3083.50000000
DAIBNB,0.04876000
DAIBTC,0.00008966
DAIUSDT,1.01890000
DAIBUSD,1.01810000
RUNEBNB,0.02404000
RUNEBTC,0.00023237
RUNEBUSD,8.55100000
MANABUSD,0.69290000
DOGEBUSD,0.32555000
LENDBUSD,0.51530000
ZRXBUSD,0.92340000
DCRUSDT,140.37000000
STORJUSDT,0.98040000
XRPBKRW,319.76000000
ADABKRW,327.55000000
BTCAUD,47557.84000000
ETHAUD,3193.19000000
AUDBUSD,0.77410000
FIOBNB,0.00066300
FIOBTC,0.00000641
FIOBUSD,0.23590000
BNBUPUSDT,336.88400000
BNBDOWNUSDT,2.32800000
XTZUPUSDT,0.06100000
XTZDOWNUSDT,0.00203000
AVABNB,0.00756000
AVABTC,0.00007330
AVABUSD,2.69650000
USDTBKRW,1125.00000000
BUSDBKRW,1097.18000000
IOTABUSD,1.15590000
MANAUSDT,0.69160000
XRPAUD,1.12470000
BNBAUD,459.78000000
AUDUSDT,0.77373000
BALBNB,0.42580000
BALBTC,0.00066550
BALBUSD,24.56200000
YFIBNB,106.23000000
YFIBTC,1.02752000
YFIBUSD,37894.68000000
YFIUSDT,37877.19000000
BLZBUSD,0.07104000
KMDBUSD,0.46760000
BALUSDT,24.54500000
BLZUSDT,0.19174000
IRISUSDT,0.08026000
KMDUSDT,1.43340000
BTCDAI,36793.91000000
ETHDAI,2467.92000000
BNBDAI,356.08000000
USDTDAI,0.99880000
BUSDDAI,0.99880000
JSTBNB,0.00018840
JSTBTC,0.00000182
JSTBUSD,0.06698000
JSTUSDT,0.06709000
SRMBNB,0.01183100
SRMBTC,0.00011424
SRMBUSD,4.20530000
SRMUSDT,4.21600000
ANTBNB,0.01206000
ANTBTC,0.00011660
ANTBUSD,4.29950000
ANTUSDT,4.29080000
CRVBNB,0.00642200
CRVBTC,0.00006217
CRVBUSD,2.29000000
CRVUSDT,2.28900000
SANDBNB,0.00081390
SANDBTC,0.00000789
SANDUSDT,0.29079000
SANDBUSD,0.29044000
OCEANBNB,0.00158400
OCEANBTC,0.00001532
OCEANBUSD,0.56480000
OCEANUSDT,0.56410000
NMRBNB,0.11550000
NMRBTC,0.00112200
NMRBUSD,41.29900000
NMRUSDT,41.18600000
DOTBNB,0.06463000
DOTBTC,0.00062485
DOTBUSD,23.01000000
DOTUSDT,23.00000000
LUNABNB,0.01741000
LUNABTC,0.00016880
LUNABUSD,6.21200000
LUNAUSDT,6.20700000
IDEXBTC,0.00000165
IDEXBUSD,0.06113000
RSRBNB,0.00008780
RSRBTC,0.00000085
RSRBUSD,0.03126000
RSRUSDT,0.03122000
PAXGBNB,5.34900000
PAXGBTC,0.05182000
PAXGBUSD,1890.00000000
PAXGUSDT,1906.63000000
WNXMBNB,0.18169000
WNXMBTC,0.00176500
WNXMBUSD,22.16500000
WNXMUSDT,65.03000000
TRBBNB,0.51700000
TRBBTC,0.00134400
TRBBUSD,49.47100000
TRBUSDT,49.49900000
ETHNGN,805670.00000000
DOTBIDR,329126.00
LINKAUD,29.84900000
SXPAUD,2.40300000
BZRXBNB,0.00514000
BZRXBTC,0.00000757
BZRXBUSD,0.27800000
BZRXUSDT,0.27830000
WBTCBTC,1.00095000
WBTCETH,14.91600000
SUSHIBNB,0.02649000
SUSHIBTC,0.00025620
SUSHIBUSD,9.43100000
SUSHIUSDT,9.42900000
YFIIBNB,4.65900000
YFIIBTC,0.04516000
YFIIBUSD,1661.44000000
YFIIUSDT,1661.81000000
KSMBNB,1.36130000
KSMBTC,0.01320000
KSMBUSD,486.34000000
KSMUSDT,486.38000000
EGLDBNB,0.24620000
EGLDBTC,0.00238500
EGLDBUSD,87.70000000
EGLDUSDT,87.68000000
DIABNB,0.00452200
DIABTC,0.00004380
DIABUSD,1.61900000
DIAUSDT,1.60900000
RUNEUSDT,8.54700000
FIOUSDT,0.23680000
UMABTC,0.00032700
UMAUSDT,12.03600000
EOSUPUSDT,1.64100000
EOSDOWNUSDT,0.00108000
TRXUPUSDT,0.39600000
TRXDOWNUSDT,0.00100700
XRPUPUSDT,4.44300000
XRPDOWNUSDT,0.01672000
DOTUPUSDT,12.50600000
DOTDOWNUSDT,0.00730000
SRMBIDR,26748.00
ONEBIDR,119.92
LINKTRY,195.80000000
USDTNGN,903.50000000
BELBNB,0.00464000
BELBTC,0.00004488
BELBUSD,1.65370000
BELUSDT,1.64970000
WINGBNB,0.06830000
WINGBTC,0.00065800
SWRVBNB,0.00253700
SWRVBUSD,0.89600000
WINGBUSD,24.21000000
WINGUSDT,24.31900000
LTCUPUSDT,5.31100000
LTCDOWNUSDT,0.00011500
LENDBKRW,579.46000000
SXPEUR,1.53200000
CREAMBNB,0.41810000
CREAMBUSD,149.51000000
UNIBNB,0.06516000
UNIBTC,0.00063005
UNIBUSD,23.20300000
UNIUSDT,23.18400000
NBSBTC,0.00000046
NBSUSDT,0.01705000
OXTBTC,0.00000903
OXTUSDT,0.33300000
SUNBTC,0.00074300
SUNUSDT,27.26800000
AVAXBNB,0.03936000
AVAXBTC,0.00037968
AVAXBUSD,13.98000000
AVAXUSDT,14.00200000
HNTBTC,0.00036410
HNTUSDT,13.37700000
BAKEBNB,0.00839900
BURGERBNB,0.01596000
SXPBIDR,26784.00
LINKBKRW,16948.99000000
FLMBNB,0.00333000
FLMBTC,0.00001451
FLMBUSD,0.53440000
FLMUSDT,0.53470000
SCRTBTC,0.00003742
SCRTETH,0.00055600
CAKEBNB,0.04732000
CAKEBUSD,16.85800000
SPARTABNB,0.00088300
UNIUPUSDT,7.89400000
UNIDOWNUSDT,0.00025500
ORNBTC,0.00020420
ORNUSDT,7.54600000
TRXNGN,20.71000000
SXPTRY,15.83000000
UTKBTC,0.00000793
UTKUSDT,0.29270000
XVSBNB,0.07010000
XVSBTC,0.00067720
XVSBUSD,24.96100000
XVSUSDT,24.93800000
ALPHABNB,0.00189240
ALPHABTC,0.00001818
ALPHABUSD,0.66980000
ALPHAUSDT,0.66840000
VIDTBTC,0.00001319
VIDTBUSD,0.48860000
AAVEBNB,0.86820000
BTCBRL,188180.00000000
USDTBRL,5.10800000
AAVEBTC,0.00839400
AAVEETH,0.12518000
AAVEBUSD,309.30000000
AAVEUSDT,308.79000000
AAVEBKRW,164167.00000000
NEARBNB,0.00836000
NEARBTC,0.00008100
NEARBUSD,2.99030000
NEARUSDT,2.98530000
SXPUPUSDT,0.36270000
SXPDOWNUSDT,3.35100000
DOTBKRW,13514.98000000
SXPGBP,1.31300000
FILBNB,0.20570000
FILBTC,0.00198900
FILBUSD,73.18000000
FILUSDT,73.20000000
FILUPUSDT,4.08600000
FILDOWNUSDT,0.00362700
YFIUPUSDT,0.74600000
YFIDOWNUSDT,3.08210000
INJBNB,0.02405000
INJBTC,0.00023218
INJBUSD,8.56400000
INJUSDT,8.57000000
AERGOBTC,0.00000478
AERGOBUSD,0.17582000
LINKEUR,18.96900000
ONEBUSD,0.08273000
EASYETH,0.00623000
AUDIOBTC,0.00002717
AUDIOBUSD,1.00130000
AUDIOUSDT,0.99950000
CTKBNB,0.00341600
CTKBTC,0.00003298
CTKBUSD,1.21700000
CTKUSDT,1.21390000
BCHUPUSDT,0.49900000
BCHDOWNUSDT,0.94400000
BOTBTC,0.04906000
BOTBUSD,2783.23000000
ETHBRL,12616.34000000
DOTEUR,18.89800000
AKROBTC,0.00000060
AKROUSDT,0.02189500
KP3RBNB,0.43870000
KP3RBUSD,156.44000000
AXSBNB,0.01181100
AXSBTC,0.00011436
AXSBUSD,4.21570000
AXSUSDT,4.21250000
HARDBNB,0.00314100
HARDBTC,0.00003028
HARDBUSD,1.11110000
HARDUSDT,1.11500000
BNBBRL,1817.55000000
LTCEUR,140.63000000
RENBTCBTC,0.99845000
RENBTCETH,14.85900000
DNTBUSD,0.15240000
DNTUSDT,0.15247000
SLPETH,0.00004973
ADAEUR,1.26120000
LTCNGN,78132.00000000
CVPETH,0.00043400
CVPBUSD,1.07950000
STRAXBTC,0.00003790
STRAXETH,0.00056500
STRAXBUSD,1.39600000
STRAXUSDT,1.39640000
FORBTC,0.00000110
FORBUSD,0.04039000
UNFIBNB,0.02400000
UNFIBTC,0.00023266
UNFIBUSD,8.57000000
UNFIUSDT,8.55400000
FRONTETH,0.00034490
FRONTBUSD,0.84380000
BCHABUSD,19.95200000
ROSEBTC,0.00000192
ROSEBUSD,0.07092000
ROSEUSDT,0.07100000
AVAXTRY,118.50000000
BUSDBRL,5.10600000
AVAUSDT,2.70000000
SYSBUSD,0.17822000
XEMUSDT,0.16920000
HEGICETH,0.00004460
HEGICBUSD,0.10990000
AAVEUPUSDT,2.66500000
AAVEDOWNUSDT,0.10170000
PROMBNB,0.03516000
PROMBUSD,12.47900000
XRPBRL,4.43000000
XRPNGN,214.17000000
SKLBTC,0.00000837
SKLBUSD,0.30793000
SKLUSDT,0.30796000
BCHEUR,492.12000000
YFIEUR,31100.00000000
ZILBIDR,1560.00
SUSDBTC,0.00002726
SUSDETH,0.00052700
SUSDUSDT,1.00430000
COVERETH,0.09230000
COVERBUSD,227.75000000
GLMBTC,0.00000792
GLMETH,0.00011840
GHSTETH,0.00042080
GHSTBUSD,1.04080000
SUSHIUPUSDT,0.12700000
SUSHIDOWNUSDT,0.01016390
XLMUPUSDT,0.16100000
XLMDOWNUSDT,0.00035100
LINKBRL,117.70000000
LINKNGN,11772.00000000
LTCRUB,12378.40000000
TRXTRY,0.61690000
XLMEUR,0.27538000
DFETH,0.00006740
DFBUSD,0.16680000
GRTBTC,0.00001753
GRTETH,0.00026204
GRTUSDT,0.64640000
JUVBTC,0.00027670
JUVBUSD,10.14900000
JUVUSDT,10.17000000
PSGBTC,0.00043270
PSGBUSD,15.93800000
PSGUSDT,15.95500000
BUSDBVND,24031.00
USDTBVND,24029.00
1INCHBTC,0.00007986
1INCHUSDT,2.94560000
REEFBTC,0.00000059
REEFUSDT,0.02167300
OGBTC,0.00015250
OGUSDT,5.61200000
ATMBTC,0.00034440
ATMUSDT,12.69500000
ASRBTC,0.00016180
ASRUSDT,5.94800000
CELOBTC,0.00007701
CELOUSDT,2.83800000
RIFBTC,0.00000507
RIFUSDT,0.18710000
CHZTRY,2.31430000
XLMTRY,2.84500000
LINKGBP,16.30400000
GRTEUR,0.53080000
BTCSTBTC,0.00079060
BTCSTBUSD,29.16900000
BTCSTUSDT,29.04800000
TRUBTC,0.00000727
TRUBUSD,0.26840000
TRUUSDT,0.26750000
DEXEETH,0.00211500
DEXEBUSD,5.22100000
EOSEUR,4.14400000
LTCBRL,875.22000000
USDCBUSD,1.00010000
TUSDBUSD,1.00010000
PAXBUSD,1.00010000
CKBBTC,0.00000051
CKBBUSD,0.01869100
CKBUSDT,0.01870400
TWTBTC,0.00000925
TWTBUSD,0.34210000
TWTUSDT,0.34120000
FIROBTC,0.00019310
FIROETH,0.00286900
FIROUSDT,7.10500000
BETHETH,0.94730000
DOGEEUR,0.26745000
DOGETRY,2.75730000
DOGEAUD,0.42011000
DOGEBRL,1.66170000
DOTNGN,10716.00000000
PROSETH,0.00049500
LITBTC,0.00008987
LITBUSD,3.30630000
LITUSDT,3.30750000
BTCVAI,41223.37000000
BUSDVAI,1.12310000
SFPBTC,0.00002715
SFPBUSD,0.99910000
SFPUSDT,0.99930000
DOGEGBP,0.22975000
DOTTRY,194.40000000
FXSBTC,0.00006230
FXSBUSD,2.28800000
DODOBTC,0.00003696
DODOBUSD,1.36300000
DODOUSDT,1.36300000
FRONTBTC,0.00002295
EASYBTC,0.00029250
CAKEBTC,0.00045790
CAKEUSDT,16.85100000
BAKEBUSD,2.98630000
UFTETH,0.00044630
UFTBUSD,1.10560000
1INCHBUSD,2.94270000
BANDBUSD,7.08200000
GRTBUSD,0.64710000
IOSTBUSD,0.02911000
OMGBUSD,5.06000000
REEFBUSD,0.02167000
ACMBTC,0.00020500
ACMBUSD,7.57300000
ACMUSDT,7.57900000
AUCTIONBTC,0.00056010
AUCTIONBUSD,20.38900000
PHABTC,0.00002528
PHABUSD,0.93320000
DOTGBP,16.24900000
ADATRY,13.01900000
ADABRL,7.84700000
ADAGBP,1.08500000
TVKBTC,0.00000462
TVKBUSD,0.17010000
BADGERBTC,0.00037020
BADGERBUSD,13.60000000
BADGERUSDT,13.62700000
FISBTC,0.00003225
FISBUSD,1.18900000
FISUSDT,1.19200000
DOTBRL,117.62000000
ADAAUD,1.98700000
HOTTRY,0.06779000
EGLDEUR,71.98000000
OMBTC,0.00000424
OMBUSD,0.15630000
OMUSDT,0.15570000
PONDBTC,0.00000249
PONDBUSD,0.09190000
PONDUSDT,0.09190000
DEGOBTC,0.00016240
DEGOBUSD,5.97200000
DEGOUSDT,5.98500000
AVAXEUR,11.46700000
BTTTRY,0.03072000
CHZBRL,1.39500000
UNIEUR,19.09800000
ALICEBTC,0.00015011
ALICEBUSD,5.52430000
ALICEUSDT,5.53450000
CHZBUSD,0.27340000
CHZEUR,0.22430000
CHZGBP,0.19310000
BIFIBNB,3.07100000
BIFIBUSD,1087.28000000
LINABTC,0.00000093
LINABUSD,0.03400000
LINAUSDT,0.03400000
ADARUB,111.07000000
ENJBRL,6.53600000
ENJEUR,1.05700000
MATICEUR,1.11580000
NEOTRY,425.70000000
PERPBTC,0.00022210
PERPBUSD,8.18300000
PERPUSDT,8.17800000
RAMPBTC,0.00000613
RAMPBUSD,0.22480000
RAMPUSDT,0.22500000
SUPERBTC,0.00001520
SUPERBUSD,0.56300000
SUPERUSDT,0.56100000
CFXBTC,0.00000923
CFXBUSD,0.34000000
CFXUSDT,0.34200000
ENJGBP,0.90780000
EOSTRY,42.76000000
LTCGBP,120.97000000
LUNAEUR,5.10100000
RVNTRY,0.60900000
THETAEUR,6.96300000
XVGBUSD,0.02933000
EPSBTC,0.00001822
EPSBUSD,0.67100000
EPSUSDT,0.67100000
AUTOBTC,0.02988000
AUTOBUSD,1101.71000000
AUTOUSDT,1098.38000000
TKOBTC,0.00005439
TKOBIDR,28800.00
TKOBUSD,2.00540000
TKOUSDT,2.00230000
PUNDIXETH,0.00063600
PUNDIXUSDT,1.56100000
BTTBRL,0.01851000
BTTEUR,0.00298100
HOTEUR,0.00658000
WINEUR,0.00037200
TLMBTC,0.00000376
TLMBUSD,0.13840000
TLMUSDT,0.13880000
1INCHUPUSDT,0.08235900
1INCHDOWNUSDT,0.77900000
BTGBUSD,67.72100000
BTGUSDT,67.25000000
HOTBUSD,0.00801000
BNBUAH,9767.90000000
ONTTRY,8.22000000
VETEUR,0.09270000
VETGBP,0.07970000
WINBRL,0.00233100
MIRBTC,0.00010790
MIRBUSD,3.97400000
MIRUSDT,3.97400000
BARBTC,0.00046760
BARBUSD,17.13700000
BARUSDT,17.21200000
FORTHBTC,0.00044200
FORTHBUSD,16.26800000
FORTHUSDT,16.24400000
CAKEGBP,11.91200000
DOGERUB,23.49200000
HOTBRL,0.04090000
WRXEUR,1.49800000
EZBTC,0.00013850
EZETH,0.00206800
BAKEUSDT,2.98680000
BURGERBUSD,5.67000000
BURGERUSDT,5.68000000
SLPBUSD,0.12260000
SLPUSDT,0.12280000
TRXAUD,0.09410000
TRXEUR,0.05990000
VETTRY,0.95500000
SHIBUSDT,0.00000687
SHIBBUSD,0.00000687
ICPBTC,0.00189000
ICPBNB,0.19520000
ICPBUSD,69.44000000
ICPUSDT,69.50000000
BTCGYEN,4300000.00000000
USDTGYEN,85.00000000
SHIBEUR,0.00000564
SHIBRUB,0.00049600
ETCEUR,47.82900000
ETCBRL,297.41000000
DOGEBIDR,4670.41
ARBTC,0.00045140
ARBNB,0.04670000
ARBUSD,16.63700000
ARUSDT,16.55800000
POLSBTC,0.00003999
POLSBNB,0.00410100
POLSBUSD,1.47300000
POLSUSDT,1.46900000
MDXBTC,0.00005541
MDXBNB,0.00569700
MDXBUSD,2.03530000
MDXUSDT,2.04100000
MASKBNB,0.01385000
MASKBUSD,4.94600000
MASKUSDT,4.95000000
LPTBTC,0.00073180
LPTBNB,0.07591000
LPTBUSD,27.05000000
LPTUSDT,26.96000000
ETHUAH,67654.00000000
MATICBRL,6.91600000
SOLEUR,33.06000000
SHIBBRL,0.00003515
AGIXBTC,0.00000551
ICPEUR,57.09000000
MATICGBP,0.95900000
SHIBTRY,0.00005804
MATICBIDR,19429.00
MATICRUB,98.10000000
NUBTC,0.00000802
NUBNB,0.00083000
NUBUSD,0.29570000
NUUSDT,0.29600000
XVGUSDT,0.02928000
RLCBUSD,3.80900000
CELRBUSD,0.03581000
ATMBUSD,12.77000000
ZENBUSD,85.80000000
FTMBUSD,0.27730000
THETABUSD,8.47900000
WINBUSD,0.00045790
KAVABUSD,3.81100000
XEMBUSD,0.16900000
ATABTC,0.00002063
ATABNB,0.00213020
ATABUSD,0.76279000
ATAUSDT,0.76105000
GTCBTC,0.00043660
GTCBNB,0.04552000
GTCBUSD,16.21000000
GTCUSDT,16.16000000
